name,website,phone,email,address,ig
Silver Legacy Resort Casino,https://www.caesars.com/silver-legacy-reno?utm_campaign=GMB&utm_source=google&utm_medium=local&utm_term=silverlegacyresortcasino&utm_content=resorthotel&y_source=1_MTk1MTkyNzItNzE1LWxvY2F0aW9uLndlYnNpdGU%3D,(800) 687-8733,,"407 N Virginia St, Reno, NV 89501, USA",https://www.instagram.com/silverlegacyreno
Diamond's Casino,https://www.diamondscasinoreno.com/,(775) 323-1908,,"1010 E 6th St, Reno, NV 89512, USA",
Bonanza Casino,http://www.bonanzacasino.com/,(775) 323-2724,fortreno@bonanzacasino.com,"4720 N Virginia St, Reno, NV 89506, USA",FIND
Atlantis Casino Resort Spa,https://atlantiscasino.com/,(800) 723-6500,contact-us@atlantiscasino.com,"3800 S Virginia St, Reno, NV 89502, USA",https://www.instagram.com/atlantisreno/
Peppermill Resort Spa Casino,https://www.peppermillreno.com/,(866) 821-9996,,"2707 S Virginia St, Reno, NV 89502, USA",https://www.instagram.com/peppermillreno/
Eldorado Resort Casino,https://www.eldoradoreno.com/?utm_source=gmb&utm_medium=eldoradoresortcasino&y_source=1_MTk1MTkyNjctNzE1LWxvY2F0aW9uLndlYnNpdGU%3D,(800) 879-8879,,"345 N Virginia St, Reno, NV 89501, USA",FIND
Grand Sierra Resort and Casino,https://www.grandsierraresort.com/,(800) 501-2651,info@grandsierraresort.com,"2500 E 2nd St, Reno, NV 89595, USA",https://www.instagram.com/grandsierra/
Silver Legacy Table Games,https://www.caesars.com/silver-legacy-reno/casino,N/A,,"407 N Virginia St, Reno, NV 89501, USA",https://www.instagram.com/silverlegacyreno
J Resort,https://www.jresortreno.com/,(775) 348-2200,,"345 N Arlington Ave, Reno, NV 89501, USA",FIND
Tamarack Casino,http://www.tamarackcasino.com/,(775) 852-3600,,"13101 S Virginia St, Reno, NV 89511, USA",
